Date,Open,High,Low,Close,Volume,Market Cap,Average (High + Low / 2),Tweets
Jan 21 2018,1155.68,1155.68,1021.5,1049.58,3378090000,1.12226E+11,1088.59,19111
Jan 20 2018,1044.95,1167.11,1044.95,1155.15,3975190000,1.01451E+11,1106.03,25700
Jan 19 2018,1028.82,1093.22,1003.71,1039.1,4084450000,99863900000,1048.47,20334
Jan 18 2018,1016.44,1100.31,967.76,1036.28,5938320000,98642100000,1034.03,14776
Jan 17 2018,1061.34,1090.23,780.92,1014.25,8545160000,1.02974E+11,935.58,20980
Jan 16 2018,1292.63,1292.63,875.54,1053.69,8405140000,1.25389E+11,1084.09,23671
Jan 15 2018,1365.21,1390.59,1290.6,1291.92,4781100000,1.32404E+11,1340.59,24678
Jan 14 2018,1397.48,1400.56,1286.21,1366.77,4841630000,1.35503E+11,1343.38,24552
Jan 13 2018,1270.47,1432.88,1270.47,1396.42,5746760000,1.23163E+11,1351.68,20603
Jan 12 2018,1158.29,1296.04,1120.09,1273.2,5222300000,1.12263E+11,1208.07,19098
Jan 11 2018,1268.09,1337.3,1135.17,1154.93,7235900000,1.22879E+11,1236.24,20352
Jan 10 2018,1300.34,1417.38,1226.6,1255.82,9214950000,1.25976E+11,1321.99,22029
Jan 09 2018,1146,1320.98,1145.49,1299.74,7965460000,1.10999E+11,1233.24,25715
Jan 08 2018,1158.26,1266.93,1016.05,1148.53,8450970000,1.12164E+11,1141.49,24192
Jan 07 2018,1043.01,1153.17,1043.01,1153.17,5569880000,1.00981E+11,1098.09,8041
Jan 06 2018,995.15,1060.71,994.62,1041.68,4662220000,96326500000,1027.66,20428
Jan 05 2018,975.75,1075.39,956.33,997.72,6683150000,94423900000,1015.86,19427
Jan 04 2018,961.71,1045.08,946.09,980.92,6502860000,93049400000,995.59,19525
Jan 03 2018,886,974.47,868.45,962.72,5093160000,85703500000,921.46,21032
Jan 02 2018,772.35,914.83,772.35,884.44,5783350000,74695700000,843.59,18783
Jan 01 2018,755.76,782.53,742,772.64,2595760000,73075800000,762.26,20026
Dec 31 2017,712.21,760.35,710.12,756.73,2554270000,68850800000,735.24,15766
Dec 30 2017,753.82,753.82,685.23,717.26,3187780000,72856900000,719.53,16417
Dec 29 2017,740.39,770.12,729.61,753.59,2648970000,71544300000,749.87,17340
Dec 28 2017,762.21,763.32,701.19,737.02,2389150000,73637100000,732.26,17809
Dec 27 2017,774.97,789.25,738.41,762.84,2100030000,74854100000,763.83,16859
Dec 26 2017,763.37,786.79,760.93,773.84,2201160000,73717800000,773.86,15709
Dec 25 2017,698.87,782.52,698.87,765.83,2491760000,67475100000,740.69,17175
Dec 24 2017,721.77,721.77,614.92,694.15,2300550000,69671200000,668.35,15591
Dec 23 2017,681.32,763.89,679.73,719.39,2480340000,65752100000,721.81,13232
Dec 22 2017,822.64,827.68,543.76,674.86,4977710000,79374400000,685.72,15641
Dec 21 2017,820.24,880.54,792.69,821.06,3569060000,79125300000,836.62,16329
Dec 20 2017,827.52,845.06,756,819.09,3969940000,79810600000,800.53,15059
Dec 19 2017,793.9,881.94,785.34,826.82,4096550000,76552200000,833.64,13441
Dec 18 2017,721.73,803.93,689.23,794.64,3249230000,69578400000,746.58,15015
Dec 17 2017,696.24,735.83,696.24,719.98,2147390000,67106400000,716.04,15597
Dec 16 2017,686.19,718.38,680.79,696.21,2165690000,66124200000,699.59,12168
Dec 15 2017,696.38,697.13,621.06,684.45,2758710000,67090900000,659.1,12351
Dec 14 2017,700.59,753.12,664.99,695.82,3821580000,67482900000,709.06,17991
Dec 13 2017,644.91,747.99,597.8,702.77,4524540000,62105600000,672.89,17654
Dec 12 2017,522.29,657.32,504.49,651.43,5179830000,50286400000,580.9,21133
Dec 11 2017,440.36,516.97,439.1,515.14,1771440000,42389300000,478.04,19909
Dec 10 2017,472.79,472.79,429.51,441.72,1404180000,45501400000,451.15,18670
Dec 09 2017,457.34,504.15,456.25,473.5,2003850000,44005600000,480.2,16779
Dec 08 2017,434.99,466.06,422.37,456.03,2336380000,41845800000,444.22,15991
Dec 07 2017,426.37,441.4,414.41,434.41,2129570000,41007600000,427.9,15642
Dec 06 2017,462.6,462.71,420.21,428.59,1998260000,44483100000,441.46,17795
Dec 05 2017,470.29,473.56,457.66,463.28,1216720000,45212800000,465.61,20795
Dec 04 2017,466.05,474.78,453.31,470.2,1005550000,44795700000,464.04,26773
Dec 03 2017,463.7,482.81,451.85,465.85,990557000,44560500000,467.33,20182
Dec 02 2017,466.85,476.24,456.65,463.45,943650000,44853300000,466.44,17539
Dec 01 2017,445.21,472.61,428.31,466.54,1247880000,42765000000,450.46,17078
Nov 30 2017,431.21,465.5,401.24,447.11,1903040000,41411900000,433.37,20472
Nov 29 2017,473.28,522.31,425.07,427.52,2675940000,45442100000,473.69,17621
Nov 28 2017,480.52,482.48,466.35,472.9,1346500000,46127200000,474.42,22704
Nov 27 2017,471.53,493.4,468.49,480.36,1396480000,45255000000,480.94,20690
Nov 26 2017,465.97,472.72,451.61,471.33,1197780000,44712100000,462.17,22763
Nov 25 2017,475.68,485.19,461.05,466.28,1422080000,45633400000,473.12,19878
Nov 24 2017,412.5,480.97,402.76,474.91,2292830000,39564300000,441.87,23803
Nov 23 2017,381.44,425.55,376.09,410.17,1845680000,36577300000,400.82,23168
Nov 22 2017,360.31,381.42,360.15,380.65,800819000,34544000000,370.78,21303
Nov 21 2017,367.44,372.47,350.69,360.4,949912000,35220200000,361.58,21660
Nov 20 2017,354.09,372.14,353.29,366.73,807027000,33933400000,362.72,18427
Nov 19 2017,347.4,371.29,344.74,354.39,1181530000,33284900000,358.01,20334
Nov 18 2017,331.98,349.62,327.69,347.61,649639000,31800700000,338.65,18336
Nov 17 2017,330.17,334.96,327.52,332.39,621733000,31620300000,331.24,20267
Nov 16 2017,333.44,336.16,323.61,330.92,797254000,31927300000,329.88,21023
Nov 15 2017,337.96,340.91,329.81,333.36,722666000,32353200000,335.36,22397
Nov 14 2017,316.76,340.18,316.76,337.63,1069680000,30317300000,328.47,21696
Nov 13 2017,307.02,328.42,307.02,316.72,1041890000,29379000000,317.72,18786
Nov 12 2017,314.69,319.15,298.51,307.91,1613480000,30106200000,308.83,16532
Nov 11 2017,298.59,319.45,298.19,314.68,842301000,28559400000,308.82,16072
Nov 10 2017,320.67,324.72,294.54,299.25,885986000,30665200000,309.63,18178
Nov 09 2017,308.64,329.45,307.06,320.88,893250000,29509000000,318.25,23367
Nov 08 2017,294.27,318.7,293.1,309.07,967956000,28128700000,305.9,19111
Nov 07 2017,298.57,304.84,290.77,294.66,540766000,28533300000,297.8,21261
Nov 06 2017,296.43,305.42,293.72,298.89,579359000,28322700000,299.57,24220
Nov 05 2017,300.04,301.37,295.12,296.26,337658000,28661500000,298.25,16980
Nov 04 2017,305.48,305.48,295.8,300.47,416479000,29175300000,300.64,15005
Nov 03 2017,288.5,308.31,287.69,305.71,646340000,27547400000,298,23653
Nov 02 2017,290.73,293.91,281.17,287.43,904901000,27754200000,287.54,20749
Nov 01 2017,305.76,306.4,290.58,291.69,553864000,29183600000,298.49,22040
Oct 31 2017,307.38,310.55,305.88,305.88,369583000,29331500000,308.22,21056
Oct 30 2017,304.78,310.5,304.35,307.75,331442000,29077600000,307.43,22211
Oct 29 2017,296.38,313.75,296.38,305.09,551752000,28270200000,305.06,21067
Oct 28 2017,297.92,300.36,293.58,296.3,264424000,28410400000,296.97,20377
Oct 27 2017,296.51,299.26,294.06,297.42,257169000,28270100000,296.66,19606
Oct 26 2017,298.02,301.07,295.22,296.53,270273000,28408400000,298.14,22838
Oct 25 2017,298.44,301.85,290.72,297.93,325040000,28442000000,296.29,20603
Oct 24 2017,287.12,311.96,282.66,298.33,684281000,27357500000,297.31,22034
Oct 23 2017,295.1,295.75,277.57,286.95,482336000,28111400000,286.66,22407
Oct 22 2017,300.55,305.5,292.81,295.45,327387000,28624800000,299.15,26917
Oct 21 2017,303.57,303.93,291.77,300.19,408014000,28906600000,297.85,20998
Oct 20 2017,308.05,311.44,303.49,304.01,396673000,29326300000,307.47,23877
Oct 19 2017,314.54,316.71,305.83,308.09,349830000,29937900000,311.27,26704
Oct 18 2017,316.94,317.24,290.64,314.32,606114000,30160500000,303.94,27325
Oct 17 2017,333.48,333.48,311.79,317.08,509924000,31727700000,322.63,23900
Oct 16 2017,336.71,349.35,332.04,333.38,692885000,32029200000,340.7,34301
Oct 15 2017,339.53,342.72,320.43,336.6,635407000,32292100000,331.58,29405
Oct 14 2017,338.85,347.98,334.7,339.63,516562000,32222400000,341.34,51682
Oct 13 2017,304.08,348.6,299.66,338.76,1304360000,28911100000,324.13,26862
Oct 12 2017,303.5,309.15,303.29,304.14,527557000,28851200000,306.22,26792
Oct 11 2017,301.18,304.39,299.1,303.46,264146000,28626300000,301.75,23367
Oct 10 2017,297.6,306.15,293.17,299.87,359706000,28281400000,299.66,23109
Oct 09 2017,308.67,309.31,288.19,297.39,559467000,29328300000,298.75,27867
Oct 08 2017,311.06,312.54,308.03,308.61,293167000,29550900000,310.28,25922
Oct 07 2017,308.89,313.13,304.98,311.12,342205000,29340400000,309.06,31087
Oct 06 2017,295.15,308.84,294.95,308.59,318664000,28031100000,301.89,40978
Oct 05 2017,292.77,298.04,288.84,295.86,253747000,27800400000,293.44,29486
Oct 04 2017,292.75,299.39,290.89,292.66,257906000,27794100000,295.14,25156
Oct 03 2017,297.48,300.11,288.13,292.46,321680000,28238500000,294.12,35959
Oct 02 2017,302.48,302.92,294.58,297.48,339443000,28708500000,298.75,26739
Oct 01 2017,301.55,303.19,295.06,302.34,306185000,28615200000,299.12,28804
Sep 30 2017,291.48,303.96,291.11,301.46,332439000,27655200000,297.53,24371
Sep 29 2017,299.12,299.92,279.77,291.47,541375000,28375900000,289.85,21553
Sep 28 2017,306.47,307.2,295.47,299.15,501894000,29068700000,301.34,32569
Sep 27 2017,287.02,308.01,286.82,306.47,550244000,27219400000,297.41,23235
Sep 26 2017,292.35,293.75,287.02,287.44,345801000,27720000000,290.38,23949
Sep 25 2017,282.22,293.51,281.88,292.33,483161000,26755500000,287.69,22899
Sep 24 2017,286.21,292.95,278.13,282.48,571411000,27129900000,285.54,23143
Sep 23 2017,264.6,286.17,261.12,286.17,450934000,25077100000,273.64,21095
Sep 22 2017,258.11,270.54,256.22,264.31,430081000,24458400000,263.38,18618
Sep 21 2017,283.26,286.61,255.02,258.58,601266000,26836000000,270.81,21675
Sep 20 2017,282.01,290.89,278.05,283.74,421404000,26712400000,284.47,22931
Sep 19 2017,293.66,295.77,274.48,282.8,646909000,27809300000,285.12,19832
Sep 18 2017,252.23,293.5,252.23,293.5,1127750000,23881200000,272.87,21384
Sep 17 2017,245.85,257,235.24,251.75,427452000,23272500000,246.12,21316
Sep 16 2017,250.87,262.59,238.22,246.52,711737000,23742600000,250.4,19258
Sep 15 2017,215.22,258.65,195.03,250.46,1935700000,20364900000,226.84,19503
Sep 14 2017,276.59,280.84,213.91,213.91,1184590000,26166100000,247.38,22983
Sep 13 2017,291.12,291.12,260.61,277.11,921692000,27535700000,275.87,25674
Sep 12 2017,294.63,311.19,287.23,291.46,753144000,27861800000,299.21,19233
Sep 11 2017,289.75,300.69,286.69,294.53,571307000,27394400000,293.69,17549
Sep 10 2017,294.06,294.76,268.97,288.75,698326000,27797200000,281.87,18312
Sep 09 2017,296.17,299.89,287.22,294.4,528621000,27990500000,293.56,18503
Sep 08 2017,329.64,329.64,285.16,296.5,1098780000,31147200000,307.4,15866
Sep 07 2017,333.52,333.52,319.94,329.43,718624000,31507500000,326.73,17831
Sep 06 2017,313.8,334.66,313.49,334.34,1058830000,29639100000,324.08,17425
Sep 05 2017,297.57,318.57,268.29,312.99,1551050000,28100000000,293.43,20095
Sep 04 2017,347.13,347.13,279.94,295.17,1801690000,32774000000,313.53,22933
Sep 03 2017,350.23,366.49,332.23,347.48,986266000,33059800000,349.36,22034
Sep 02 2017,387.82,389.35,328.1,348.98,1483600000,36601200000,358.73,16968
Sep 01 2017,383.47,390.04,383.47,387.74,874222000,36182900000,386.75,14470
Aug 31 2017,378.44,386.14,376.35,383.04,706254000,35701500000,381.25,16469
Aug 30 2017,369.47,388.75,361.97,378.49,1333320000,34848400000,375.36,18299
Aug 29 2017,347.96,373.76,347.79,370.67,1220030000,32813200000,360.77,19004
Aug 28 2017,350.04,352.05,338.41,347.75,854319000,33002700000,345.23,20341
Aug 27 2017,334.36,347.89,334.36,347.89,633370000,31517500000,341.12,19258
Aug 26 2017,331.99,334.99,327.92,333.88,514181000,31288300000,331.46,19658
Aug 25 2017,326.11,336.4,325.8,331.92,760329000,30727900000,331.1,19902
Aug 24 2017,317.45,327.96,317.08,325.61,697665000,29904600000,322.52,22563
Aug 23 2017,315.27,324.21,314.54,317.52,811990000,29691900000,319.38,18117
Aug 22 2017,321.06,327.36,297.91,314.79,1336400000,30229900000,312.63,19335
Aug 21 2017,300.48,347.05,297.23,321.59,2448970000,28285500000,322.14,25436
Aug 20 2017,296.64,301.43,291.58,301.43,571947000,27918100000,296.5,19256
Aug 19 2017,296.18,301.67,286.18,297.47,860202000,27867900000,293.93,20442
Aug 18 2017,301.7,307.96,292.5,295.59,936160000,28380200000,300.23,17123
Aug 17 2017,302.81,311.03,300.25,301.46,909494000,28477500000,305.64,19178
Aug 16 2017,289.82,303.41,285.38,302.27,967643000,27249700000,294.39,23809
Aug 15 2017,299.95,300.41,279.33,289.82,1051800000,28195800000,289.87,20372
Aug 14 2017,298.03,306.81,296.41,300.1,864391000,28008700000,301.61,19526
Aug 13 2017,310.37,310.82,289.31,298.06,1369370000,29161100000,300.06,20849
Aug 12 2017,308.71,317.56,307.9,310.6,1111650000,28998700000,312.73,17483
Aug 11 2017,294.5,309.21,294.5,308.86,953576000,27657000000,301.86,16170
Aug 10 2017,296.96,306.59,289.93,295.89,1076820000,27882200000,298.26,14491
Aug 09 2017,297.63,318.72,276.69,296.03,2638580000,27938700000,297.71,14397
Aug 08 2017,269.1,298.91,266.8,296.77,1502410000,25254600000,282.86,15975
Aug 07 2017,261.24,271.96,256.69,269.18,935727000,24511000000,264.32,17226
Aug 06 2017,256.42,271.05,252.85,261.57,1482980000,24053500000,261.95,16000
Aug 05 2017,222.85,256.51,221.95,256.51,1333000000,20900000000,239.23,14575
Aug 04 2017,225.31,227.62,222.06,223.07,539783000,21125600000,224.84,14741
Aug 03 2017,220.18,228.29,219.89,225.34,557217000,20640100000,224.09,15293
Aug 02 2017,227.01,229.51,218.12,219.95,632606000,21275200000,223.81,15957
Aug 01 2017,204.69,227.74,204.69,226.77,1585330000,19179100000,216.22,16533
Jul 31 2017,197.41,203.87,193.41,203.87,569414000,18492000000,198.64,18520
Jul 30 2017,206.74,208.54,196.15,197.98,596234000,19360900000,202.34,20653
Jul 29 2017,193.34,208.68,179.65,205.79,824355000,18101800000,194.17,13824
Jul 28 2017,204.32,204.9,192.3,193.12,562571000,19125100000,198.6,17486
Jul 27 2017,204.86,206.44,201.26,204.32,393283000,19169800000,203.85,16163
Jul 26 2017,207.09,210.77,194.78,203.95,717692000,19373400000,202.78,15510
Jul 25 2017,224.37,225.32,195.84,206.71,1095760000,20985200000,210.58,17958
Jul 24 2017,226.28,227.54,222.45,224.71,431691000,21158500000,225,16428
Jul 23 2017,229.12,231.68,217.72,225.95,649615000,21418300000,224.7,16151
Jul 22 2017,217.86,232.7,216.87,229.48,618260000,20360100000,224.78,15441
Jul 21 2017,226.06,235.12,213.01,218.31,1006130000,21121100000,224.06,15260
Jul 20 2017,205.42,233.9,203.22,227.26,2225000000,19187800000,218.56,15196
Jul 19 2017,234.94,245.65,191.75,199.7,2328790000,21939300000,218.7,16516
Jul 18 2017,195.03,267.99,182.06,234.39,2709260000,18207400000,225.03,19618
Jul 17 2017,159.99,194.75,158.04,193.42,1669500000,14932700000,176.39,17924
Jul 16 2017,169.57,172.01,133.72,157.36,1516890000,15823100000,152.87,17557
Jul 15 2017,199.71,200.16,170.66,170.66,810452000,18630200000,185.41,11940
Jul 14 2017,209.53,211.1,187.37,199.66,749382000,19541300000,199.24,14878
Jul 13 2017,231.81,231.81,200.06,209.73,828489000,21613900000,215.94,15372
Jul 12 2017,197.15,230.77,189.59,230.77,1241190000,18377600000,210.18,15409
Jul 11 2017,211.53,220.29,183.39,197.4,1440950000,19712300000,201.84,16775
Jul 10 2017,243.01,243.07,196.97,215.36,937219000,22640500000,220.02,8209
Jul 09 2017,251.82,255.1,242.14,242.14,505118000,23454700000,248.62,null
Jul 08 2017,245.89,273.48,236.55,251.7,754958000,22890700000,255.02,null
Jul 07 2017,270.35,273.94,244.17,245.99,687252000,25160800000,259.06,null
Jul 06 2017,268.86,278.48,265.51,270.55,623080000,25019500000,272,null
Jul 05 2017,273.1,275.13,261.45,268.77,790256000,25406900000,268.29,null
Jul 04 2017,282.19,287.39,273.11,273.3,687691000,26245000000,280.25,null
Jul 03 2017,288.41,291.1,281.18,282.9,851408000,26815900000,286.14,null
Jul 02 2017,275.12,295.51,262.52,287.99,1123330000,25572800000,279.01,null
Jul 01 2017,293.35,293.75,268.62,274.6,1089200000,27259400000,281.19,null
Jun 30 2017,303.15,315.17,288.44,294.92,1011800000,28161900000,301.81,null
Jun 29 2017,328.37,330.71,297.37,302.88,1508580000,30495300000,314.04,null
Jun 28 2017,293.04,333.1,276.41,327.93,2056550000,27207000000,304.75,null
Jun 27 2017,272.69,293.09,227.14,293.09,1973870000,25309700000,260.12,null
Jun 26 2017,302.95,311.46,238.65,272.69,2081810000,28111200000,275.06,null
Jun 25 2017,323.47,332.79,284.65,303.25,1186880000,30005900000,308.72,null
Jun 24 2017,341.63,343.62,322.09,323.7,673585000,31681300000,332.86,null
Jun 23 2017,336.49,348.01,334.99,341.74,593207000,31195900000,341.5,7814
Jun 22 2017,337.73,342.03,330.62,336.37,925767000,31302600000,336.32,14903
Jun 21 2017,359.54,361.34,319.48,336.87,1420130000,33310500000,340.41,12631
Jun 20 2017,370.33,377.97,350.94,359,1020390000,34304000000,364.46,13789
Jun 19 2017,371.86,377.12,369.76,370.06,685172000,34435700000,373.44,14042
Jun 18 2017,379.52,390.58,368.84,371.46,904703000,35133800000,379.71,12833
Jun 17 2017,369.88,379.41,364,379.41,904653000,34231300000,371.71,12296
Jun 16 2017,361.18,373.06,341.42,370.23,1096280000,33415800000,357.24,13221
Jun 15 2017,358.51,364.44,300.7,361.93,2463450000,33158200000,332.57,14424
Jun 14 2017,397.59,399.32,342.21,359.05,1272580000,36761600000,370.76,13598
Jun 13 2017,395.69,411.18,370.06,397.54,1717380000,36574500000,390.62,13279
Jun 12 2017,341.16,414.76,341.16,401.49,2882650000,31525300000,377.96,20977
Jun 11 2017,338.79,353.01,318.17,340.61,1373220000,31296800000,335.59,14709
Jun 10 2017,282.01,350.26,282.01,337.67,1611630000,26043700000,316.13,10853
Jun 09 2017,261.75,282.76,261.75,281.74,557986000,24165000000,272.25,10560
Jun 08 2017,257.99,262.25,253.97,261.67,385494000,23810900000,258.11,10141
Jun 07 2017,264.26,264.67,254.04,258.07,461649000,24382200000,259.36,9147
Jun 06 2017,248.6,267.51,246.84,264.47,741553000,22930400000,257.18,9017
Jun 05 2017,245.26,249.47,243.05,248.46,435660000,22615800000,246.26,9192
Jun 04 2017,224.12,250.41,223.98,245.33,753820000,20659800000,237.19,9714
Jun 03 2017,223.46,225.97,219.42,224.38,427896000,20593500000,222.69,14085
Jun 02 2017,222.29,229.41,219.58,223.78,469532000,20479000000,224.5,6962
Jun 01 2017,230.89,236.22,214.48,222.24,812924000,21264800000,225.35,11204
May 31 2017,231.58,236.97,215.57,230.67,1271600000,21321900000,226.27,14322
May 30 2017,195.61,233.71,189.29,231.91,1586670000,18004700000,211.5,8564
May 29 2017,170.13,197.13,164.53,194.91,718828000,15654600000,180.83,7591
May 28 2017,158.82,179.94,157.6,170.51,717971000,14608600000,168.77,7110
May 27 2017,159.82,166.95,120.44,157.76,1217060000,14696000000,143.69,7542
May 26 2017,175.22,193.69,150.28,160.4,792458000,16107000000,171.99,8319
May 25 2017,189.85,210.98,170.51,174.45,943637000,17446600000,190.75,8902
May 24 2017,182.65,228.37,182.45,190.05,561014000,16779700000,205.41,10863
May 23 2017,170.82,183.55,169.93,181.95,530709000,15688000000,176.74,6984
May 22 2017,158.17,201.75,152.47,174.26,1188910000,14522100000,177.11,7248
May 21 2017,127.54,159.03,125.89,157.94,570361000,11705700000,142.46,8620
May 20 2017,129.22,133.64,124.7,126.52,331455000,11856600000,129.17,6573
May 19 2017,97.05,133.56,97.05,129.53,626945000,8902240000,115.31,5206
May 18 2017,89.84,97.37,89.84,96.91,196237000,8238110000,93.61,4492
May 17 2017,89.25,91.27,84.43,89.86,183031000,8181520000,87.85,4757
May 16 2017,92.39,93.56,89.12,89.44,152285000,8466470000,91.34,4000
May 15 2017,90.78,95.43,86.83,92.41,170999000,8316930000,91.13,4129
May 14 2017,90.87,91.25,89.61,90.79,66046600,8322380000,90.43,3769
May 13 2017,88.69,93.81,86.66,90.84,88742200,8120390000,90.23,3910
May 12 2017,89.43,93.12,88.66,88.66,145825000,8184930000,90.89,5044
May 11 2017,89.77,102.55,88.48,89.88,132722000,8213570000,95.52,5607
May 10 2017,91.15,92.85,85.29,89.52,145602000,8337180000,89.07,4587
May 09 2017,91.23,93.06,80.39,91.16,363434000,8341490000,86.72,5235
May 08 2017,93.75,95.14,89.51,91.42,231344000,8569060000,92.33,5336
May 07 2017,97.87,98.24,89.87,94.01,183295000,8942950000,94.06,5368
May 06 2017,94.91,97.88,90.95,97.81,151462000,8669910000,94.41,5567
May 05 2017,96.73,103.23,92.22,94.4,331928000,8833520000,97.72,4174
May 04 2017,79.72,97.56,79.43,96.98,366847000,7277480000,88.5,6735
May 03 2017,77.25,80.1,75.76,79.72,141922000,7050050000,77.93,6535
May 02 2017,76.65,79.35,74.38,77.26,193773000,6992980000,76.86,6506
May 01 2017,79.32,82.52,73.09,76.3,376842000,7234070000,77.81,6970
Apr 30 2017,68.54,79.02,68.35,79.02,229945000,6248840000,73.69,6340
Apr 29 2017,71.39,71.9,66.78,68.38,165448000,6506490000,69.34,5280
Apr 28 2017,62.23,70.85,62.13,70.16,346546000,5669550000,66.49,4984
Apr 27 2017,52.81,62.17,52.29,62.17,246775000,4809630000,57.23,6870
Apr 26 2017,49.91,53.44,49.91,52.72,104884000,4544370000,51.67,7181
Apr 25 2017,50.07,50.3,49.81,49.89,38264600,4557870000,50.05,5897
Apr 24 2017,48.87,50.18,48.87,50.03,55580600,4446470000,49.52,5161
Apr 23 2017,48.59,48.89,48.17,48.49,36234000,4420040000,48.53,5366
Apr 22 2017,48.18,48.74,48.17,48.55,37357600,4381290000,48.45,4878
Apr 21 2017,49.64,49.66,48.14,48.22,45048300,4512610000,48.9,3425
Apr 20 2017,48.13,49.99,48.13,49.67,79600900,4373800000,49.06,5261
Apr 19 2017,50.73,50.95,47.26,48.31,76281000,4608260000,49.11,4579
Apr 18 2017,48.32,51.03,48.3,50.71,78748500,4387860000,49.66,3578
Apr 17 2017,48.66,48.75,48.05,48.3,44013300,4417310000,48.4,4328
Apr 16 2017,49.04,49.14,48.19,48.72,31343800,4450140000,48.66,5209
Apr 15 2017,47.65,49.57,47.18,49.1,66207800,4323100000,48.38,3516
Apr 14 2017,49.97,50.05,46.76,47.57,91674400,4531810000,48.41,3791
Apr 13 2017,46.31,50.91,46.31,50.22,157200000,4198420000,48.61,4085
Apr 12 2017,43.46,47.23,43.11,46.29,88045700,3938930000,45.17,5045
Apr 11 2017,43.5,44.25,43.3,43.41,38303300,3941100000,43.77,5287
Apr 10 2017,43.28,44.14,42.42,43.44,44061500,3919520000,43.28,4450
Apr 09 2017,44.28,44.49,42.89,43.27,55143000,4009010000,43.69,4599
Apr 08 2017,41.8,45.21,41.73,44.31,74138800,3783000000,43.47,4161
Apr 07 2017,42.87,44.04,41.65,42.16,81474700,3878210000,42.84,4486
Apr 06 2017,45.22,45.64,40.9,43.24,147120000,4089930000,43.27,4161
Apr 05 2017,44.66,47.84,44.54,45.3,119733000,4037940000,46.19,4721
Apr 04 2017,43.92,45.74,41.72,44.64,157568000,3969730000,43.73,4248
Apr 03 2017,48.82,48.82,43.41,44.36,190513000,4411030000,46.11,4682
Apr 02 2017,50.74,51.27,45.43,48.75,134604000,4582700000,48.35,3608
Apr 01 2017,50.03,51.93,48.88,50.7,92461900,4517510000,50.41,3232
Mar 31 2017,51.75,51.77,47.38,50.04,151416000,4671190000,49.58,3314
Mar 30 2017,53.12,53.31,51.87,52.21,86885700,4793280000,52.59,3084
Mar 29 2017,50.57,53.87,50.55,53.13,144998000,4561150000,52.21,5085
Mar 28 2017,49.71,50.96,49.15,50.77,97745300,4482160000,50.05,5187
Mar 27 2017,51.31,52.46,48.93,49.67,118978000,4624990000,50.7,6384
Mar 26 2017,50.77,51.8,49.28,50.52,106859000,4574540000,50.54,3655
Mar 25 2017,53.58,53.58,48.31,51.25,223059000,4825700000,50.95,2745
Mar 24 2017,43.64,54.14,43.21,53.11,297046000,3929230000,48.67,3030
Mar 23 2017,42.57,44.75,41.3,43.68,100724000,3831310000,43.02,3773
Mar 22 2017,43.12,43.52,39.69,42.34,113952000,3880120000,41.61,3089
Mar 21 2017,43.51,44.26,42.37,43.15,91265400,3913620000,43.31,2852
Mar 20 2017,44.83,46.23,42.44,43.39,154701000,4031270000,44.33,5091
Mar 19 2017,35.53,47,35.34,44.74,239430000,3193600000,41.17,5631
Mar 18 2017,46.87,46.87,31.7,34.16,262180000,4211830000,39.28,3449
Mar 17 2017,45.93,55.11,38.21,46.83,497534000,4125480000,46.66,5211
Mar 16 2017,35.36,47.17,35.36,46.35,454418000,3174750000,41.27,4902
Mar 15 2017,28.65,35.06,28.43,35.06,170344000,2571160000,31.75,5545
Mar 14 2017,28.57,29.93,27.32,28.65,101797000,2563700000,28.62,4888
Mar 13 2017,23.5,30.6,23.5,28.59,255488000,2108300000,27.05,4659
Mar 12 2017,21.46,23.44,21.38,23.44,74628900,1924660000,22.41,5321
Mar 11 2017,19.37,21.59,19.01,21.47,69150100,1736630000,20.3,4090
Mar 10 2017,17.74,19.66,17.68,19.33,87506800,1589640000,18.67,3670
Mar 09 2017,16.64,17.87,16.37,17.75,31418400,1490500000,17.12,4173
Mar 08 2017,18.88,18.88,16.65,16.65,44304600,1690760000,17.77,2981
Mar 07 2017,19.58,19.63,18.64,18.89,37972200,1752530000,19.13,2416
Mar 06 2017,19.28,20.1,19.11,19.61,32432700,1725360000,19.61,2307
Mar 05 2017,18.5,19.42,18.23,19.3,26816300,1655030000,18.83,3238
Mar 04 2017,19.52,20.05,18.62,18.62,27341900,1745140000,19.34,2265
Mar 03 2017,19.04,20.67,18.41,19.46,95863400,1702140000,19.54,4207
Mar 02 2017,17.36,19.35,16.95,19.03,83627100,1550750000,18.15,2841
Mar 01 2017,15.85,17.37,15.56,17.35,44927500,1415510000,16.46,3593
Feb 28 2017,15.45,16.06,15.12,15.82,65478900,1379600000,15.59,3865
Feb 27 2017,14.51,15.68,14.27,15.4,31667000,1294770000,14.97,4700
Feb 26 2017,13.52,14.54,13.4,14.52,20307500,1206150000,13.97,3660
Feb 25 2017,13.06,13.72,12.98,13.55,18533900,1165230000,13.35,2853
Feb 24 2017,13.13,13.23,12.88,13.07,19574400,1171110000,13.05,2565
Feb 23 2017,12.6,13.21,12.56,13.12,14522300,1122910000,12.89,3159
Feb 22 2017,12.69,12.76,12.55,12.6,10360900,1130460000,12.66,2862
Feb 21 2017,12.34,12.77,12.21,12.67,15183300,1099330000,12.49,2934
Feb 20 2017,12.77,12.9,12.43,12.43,12994400,1136610000,12.66,3470
Feb 19 2017,12.82,12.87,12.71,12.76,7799740,1140870000,12.79,3469
Feb 18 2017,12.71,12.83,12.68,12.81,9370010,1130750000,12.75,2984
Feb 17 2017,12.9,12.91,12.66,12.68,11636500,1147260000,12.79,3759
Feb 16 2017,12.92,12.92,12.54,12.9,38002600,1148860000,12.73,4287
Feb 15 2017,13.04,13.04,12.64,12.92,18464700,1159000000,12.84,18078
Feb 14 2017,11.29,13.33,11.29,13.03,42911500,1002810000,12.31,3673
Feb 13 2017,11.38,11.39,11.17,11.27,7216520,1011080000,11.28,2320
Feb 12 2017,11.35,11.4,11.3,11.4,6264900,1008030000,11.35,1735
Feb 11 2017,11.29,11.43,11.24,11.35,7544520,1002130000,11.34,1637
Feb 10 2017,11.04,11.34,10.78,11.28,11914200,979961000,11.06,1893
Feb 09 2017,11.44,11.6,10.67,11.03,18400300,1014280000,11.13,2241
Feb 08 2017,11.54,11.63,11.24,11.43,9688630,1023170000,11.44,1837
Feb 07 2017,11.43,11.61,11.41,11.52,7629640,1012620000,11.51,1987
Feb 06 2017,11.35,11.48,11.34,11.39,5695440,1005930000,11.41,1910
Feb 05 2017,11.44,11.49,11.32,11.35,5942960,1013400000,11.41,1659
Feb 04 2017,11.13,11.5,11.13,11.43,14139500,985277000,11.32,1482
Feb 03 2017,10.81,11.11,10.76,11.11,12897800,956944000,10.93,1494
Feb 02 2017,10.74,10.89,10.55,10.82,10172500,949793000,10.72,2049
Feb 01 2017,10.74,10.85,10.56,10.73,12852200,949969000,10.71,3207
Jan 31 2017,10.56,10.75,10.54,10.73,11648700,933975000,10.64,1673
Jan 30 2017,10.49,10.71,10.47,10.57,8042180,927415000,10.59,1472
Jan 29 2017,10.56,10.57,10.45,10.48,4689950,933087000,10.51,1479
Jan 28 2017,10.54,10.58,10.43,10.56,6580700,930688000,10.5,1466
Jan 27 2017,10.58,10.61,10.44,10.54,7189170,934404000,10.52,1470
Jan 26 2017,10.57,10.67,10.51,10.59,8465020,932575000,10.59,1834
Jan 25 2017,10.62,10.62,10.48,10.57,6751450,936769000,10.55,1771
Jan 24 2017,10.73,10.77,10.57,10.63,8327330,946083000,10.67,1851
Jan 23 2017,10.71,10.84,10.67,10.82,7267210,944159000,10.75,1831
Jan 22 2017,10.91,10.97,10.58,10.7,8678620,961463000,10.78,1924
Jan 21 2017,10.6,10.98,10.58,10.91,11937600,933405000,10.78,1596
Jan 20 2017,10.39,10.76,10.35,10.6,10992800,914696000,10.55,1416
Jan 19 2017,10.24,10.44,10.18,10.4,8347550,901484000,10.31,1648
Jan 18 2017,10.3,10.52,9.94,10.23,10788200,906079000,10.23,1887
Jan 17 2017,9.64,10.61,9.54,10.3,18391900,847981000,10.07,2604
Jan 16 2017,9.88,9.93,9.58,9.64,14937400,869126000,9.75,1821
Jan 15 2017,9.83,10,9.6,9.9,14837900,864037000,9.8,1817
Jan 14 2017,9.79,9.89,9.44,9.65,20085800,859971000,9.66,1820
Jan 13 2017,9.83,9.85,9.51,9.77,25066600,863241000,9.68,1446
Jan 12 2017,9.72,10.08,9.18,9.86,30453800,853638000,9.63,1739
Jan 11 2017,10.54,10.66,9.46,9.72,26823500,925320000,10.06,1611
Jan 10 2017,10.37,10.69,10.29,10.55,10879700,909897000,10.49,1661
Jan 09 2017,10.31,10.78,10.14,10.33,25718300,904682000,10.46,1847
Jan 08 2017,9.87,10.39,9.83,10.29,16676600,865667000,10.11,1968
Jan 07 2017,10.24,10.28,9.59,9.87,23153600,897636000,9.93,1734
Jan 06 2017,10.29,10.63,9.63,10.25,29471800,901249000,10.13,1653
Jan 05 2017,11.29,11.89,9.4,10.25,41557400,988599000,10.64,2283
Jan 04 2017,9.71,11.28,9.56,11.25,41051200,850115000,10.42,2896
Jan 03 2017,8.37,10,8.32,9.73,33625200,732988000,9.16,3452
Jan 02 2017,8.17,8.44,8.05,8.38,14579600,714900000,8.25,2639
Jan 01 2017,7.98,8.47,7.98,8.17,14731700,698149000,8.23,1751
Dec 31 2016,8.15,8.16,7.91,7.97,9066800,712662000,8.04,1791
Dec 30 2016,8.29,8.47,8.05,8.16,13909900,724528000,8.26,2161
Dec 29 2016,7.54,8.53,7.54,8.28,27543800,658674000,8.04,2272
Dec 28 2016,7.15,7.62,7.08,7.52,17453300,624359000,7.35,2424
Dec 27 2016,7.28,7.32,7.09,7.17,8778610,635260000,7.21,2142
Dec 26 2016,7.13,7.33,7.05,7.27,5836810,622439000,7.19,2280
Dec 25 2016,7.26,7.34,7.14,7.18,8671840,633792000,7.24,2460
Dec 24 2016,7.15,7.41,7.15,7.27,7626020,623759000,7.28,2092
Dec 23 2016,7.58,7.69,7.16,7.17,19613100,660546000,7.43,2168
Dec 22 2016,7.9,7.91,7.5,7.58,16376700,688380000,7.71,2213
Dec 21 2016,7.66,7.94,7.66,7.91,9393550,667625000,7.8,2557
Dec 20 2016,7.63,7.75,7.57,7.66,6313550,664772000,7.66,2514
Dec 19 2016,7.87,7.87,7.63,7.64,5894760,685054000,7.75,2904
Dec 18 2016,7.86,7.93,7.72,7.87,5890020,684028000,7.82,2955
Dec 17 2016,7.86,7.9,7.52,7.88,8502620,683357000,7.71,1898
Dec 16 2016,7.86,7.93,7.8,7.86,5178610,683399000,7.87,1919
Dec 15 2016,8.24,8.24,7.72,7.83,13184400,715861000,7.98,1920
Dec 14 2016,8.45,8.52,8.25,8.27,7337220,734382000,8.38,2306
Dec 13 2016,8.52,8.53,8.35,8.42,4486190,740099000,8.44,2608
Dec 12 2016,8.19,8.61,8.17,8.52,9119700,711348000,8.39,2874
Dec 11 2016,8.13,8.27,8.1,8.19,5545500,705363000,8.18,1959
Dec 10 2016,8.44,8.53,8.02,8.13,8108370,732173000,8.27,2187
Dec 09 2016,8.17,8.67,8.05,8.45,12916300,708468000,8.36,2034
Dec 08 2016,8.38,8.86,8.23,8.23,16042700,726878000,8.54,2236
Dec 07 2016,7.89,8.54,7.33,8.38,22229600,684258000,7.93,2433
Dec 06 2016,6.8,7.92,5.98,7.87,50671200,589548000,6.95,3804
Dec 05 2016,7.41,7.64,6.66,6.82,17344500,641820000,7.15,3178
Dec 04 2016,7.9,7.95,7.44,7.44,8450790,684258000,7.7,2076
Dec 03 2016,7.77,8.15,7.67,7.92,12112100,672138000,7.91,1852
Dec 02 2016,8.46,8.46,7.42,7.76,18579800,731520000,7.94,2247
Dec 01 2016,8.6,8.65,8.36,8.45,5882340,743882000,8.5,3164
Nov 30 2016,8.16,8.75,8.16,8.59,10626600,705040000,8.46,3644
Nov 29 2016,8.73,8.74,7.88,8.17,17000400,754307000,8.31,3429
Nov 28 2016,9,9.01,8.72,8.72,6046890,777311000,8.87,3263
Nov 27 2016,9.31,9.33,8.78,9,8707660,804085000,9.05,4254
Nov 26 2016,9.42,9.5,9.31,9.33,3505990,812795000,9.41,6856
Nov 25 2016,9.23,9.75,9.21,9.4,7669720,796268000,9.48,2231
Nov 24 2016,9.85,9.85,8.93,9.23,15987800,849229000,9.39,2533
Nov 23 2016,9.92,9.96,9.76,9.84,4812310,855265000,9.86,3073
Nov 22 2016,9.63,10.24,9.59,9.91,11284400,829616000,9.91,2440
Nov 21 2016,9.58,9.64,9.54,9.62,3663210,825381000,9.59,3026
Nov 20 2016,9.66,9.71,9.52,9.58,5173420,832050000,9.62,4974
Nov 19 2016,9.48,9.75,9.48,9.66,5186540,816380000,9.62,1957
Nov 18 2016,9.99,10.01,9.48,9.48,10816100,859571000,9.75,2282
Nov 17 2016,10.06,10.19,9.92,9.99,6984700,865393000,10.05,2802
Nov 16 2016,10.22,10.33,9.93,10.06,9533550,878610000,10.13,2645
Nov 15 2016,9.97,10.32,9.85,10.22,6557550,857223000,10.09,2341
Nov 14 2016,10.1,10.16,9.96,9.97,3573250,867755000,10.06,3038
Nov 13 2016,9.89,10.41,9.84,10.1,8227770,849342000,10.12,2687
Nov 12 2016,10.29,10.34,9.7,9.88,10052500,883780000,10.02,1948
Nov 11 2016,10.51,10.57,10.26,10.29,6056300,902479000,10.41,1525
Nov 10 2016,10.67,10.68,10.51,10.52,4253980,915940000,10.59,2105
Nov 09 2016,10.82,10.83,10.22,10.66,14606600,928063000,10.53,1548
Nov 08 2016,10.85,10.92,10.74,10.83,6258150,930345000,10.83,1656
Nov 07 2016,10.9,10.96,10.78,10.81,5992480,934536000,10.87,1496
Nov 06 2016,10.99,11.25,10.85,10.87,5688710,941729000,11.05,1377
Nov 05 2016,11.09,11.24,10.88,11,5502670,950213000,11.06,3091
Nov 04 2016,10.82,11.12,10.82,11.09,9958040,926129000,10.97,1455
Nov 03 2016,10.8,11.11,10.76,10.8,15228600,924097000,10.93,1621
Nov 02 2016,10.77,11.16,10.69,10.75,11691700,921691000,10.93,1929
Nov 01 2016,10.96,11.18,10.3,10.77,22901300,937123000,10.74,1686
Oct 31 2016,11.23,11.5,10.94,11,13393900,960008000,11.22,1685
Oct 30 2016,10.43,11.45,10.29,11.18,16694900,891164000,10.87,1636
Oct 29 2016,11.1,11.2,9.56,10.44,27070400,948271000,10.38,1420
Oct 28 2016,11.47,11.58,10.95,11.09,13971500,979916000,11.27,1608
Oct 27 2016,11.53,11.61,11.26,11.5,13255400,984361000,11.43,1652
Oct 26 2016,11.38,11.66,11.38,11.53,10221800,971440000,11.52,1561
Oct 25 2016,11.97,11.99,11.15,11.41,19316000,1020850000,11.57,1657
Oct 24 2016,12.04,12.1,11.91,11.97,5739690,1026400000,12,1437
Oct 23 2016,12.13,12.14,11.94,12.04,5774660,1033970000,12.04,1345
Oct 22 2016,12.18,12.19,11.95,12.07,7583820,1037850000,12.07,1050
Oct 21 2016,12.13,12.21,12.02,12.18,5676920,1033140000,12.12,1205
Oct 20 2016,12.05,12.29,12,12.1,8170760,1025620000,12.14,1251
Oct 19 2016,12.59,12.62,11.91,12.02,10576200,1071710000,12.27,1537
Oct 18 2016,12,12.93,12,12.59,18864200,1020530000,12.46,1892
Oct 17 2016,11.96,12.03,11.86,12.01,5724440,1016710000,11.95,2008
Oct 16 2016,11.98,12.01,11.93,11.95,3617280,1018540000,11.97,1483
Oct 15 2016,11.94,12,11.78,11.98,4991840,1014280000,11.89,1224
Oct 14 2016,11.99,12.07,11.9,11.94,4333510,1018390000,11.98,1615
Oct 13 2016,11.91,12.13,11.78,11.96,8665190,1011190000,11.96,1833
Oct 12 2016,11.78,12.07,11.71,11.93,9694640,1000220000,11.89,1713
Oct 11 2016,11.76,12.16,11.75,11.79,11727700,997949000,11.96,1481
Oct 10 2016,12.06,12.06,11.62,11.76,10809200,1022860000,11.84,1669
Oct 09 2016,12.22,12.36,11.98,12.05,7208480,1035590000,12.17,1398
Oct 08 2016,12.67,12.69,12.05,12.22,11611200,1073990000,12.37,1403
Oct 07 2016,12.85,12.99,12.53,12.67,8933050,1088570000,12.76,1573
Oct 06 2016,13.03,13.14,12.69,12.85,12044800,1102940000,12.91,1830
Oct 05 2016,13.28,13.35,13.04,13.04,9881370,1124270000,13.2,1940
Oct 04 2016,13.45,13.53,13.21,13.28,8348280,1137980000,13.37,1738
Oct 03 2016,13.2,13.49,13.19,13.45,7458320,1116600000,13.34,1996
Oct 02 2016,13.18,13.3,13.14,13.2,4079660,1114200000,13.22,1836
Oct 01 2016,13.2,13.31,13.05,13.17,6331160,1115690000,13.18,1556
Sep 30 2016,13.08,13.34,13.02,13.22,5950840,1104530000,13.18,1485
Sep 29 2016,13.28,13.34,13.07,13.07,5990630,1121060000,13.21,1915
Sep 28 2016,13.11,13.48,13.08,13.27,10239000,1106330000,13.28,2935
Sep 27 2016,12.86,13.21,12.86,13.1,6831070,1085330000,13.04,2583
Sep 26 2016,13.17,13.17,12.74,12.82,7213070,1110700000,12.96,2841
Sep 25 2016,12.85,13.11,12.8,13.1,5283440,1083510000,12.96,2414
Sep 24 2016,13.32,13.34,12.68,12.88,9824880,1122670000,13.01,1739
Sep 23 2016,13.21,13.45,13.1,13.33,9166430,1112590000,13.27,2011
Sep 22 2016,13.66,13.66,12.48,13.25,27382800,1150650000,13.07,3588
Sep 21 2016,14.43,14.43,13.17,13.77,28645000,1214950000,13.8,2824
Sep 20 2016,13.21,14.43,13.12,14.43,31929100,1111810000,13.77,2490
Sep 19 2016,12.44,13.19,12.42,13.19,13838800,1045870000,12.8,2688
Sep 18 2016,12.69,12.99,12.16,12.43,22433300,1066620000,12.57,1818
Sep 17 2016,12.56,12.76,12.44,12.7,7446610,1055440000,12.6,1310
Sep 16 2016,11.96,12.75,11.9,12.56,17421500,1004740000,12.32,1691
Sep 15 2016,11.94,12.14,11.92,11.94,7309090,1002970000,12.03,1498
Sep 14 2016,11.9,12,11.86,11.92,5694820,999352000,11.93,1963
Sep 13 2016,11.89,12.09,11.88,11.92,11704300,997638000,11.98,2093
Sep 12 2016,11.64,11.95,11.61,11.89,7478080,976645000,11.78,1453
Sep 11 2016,12.21,12.21,11.59,11.64,8791180,1023640000,11.9,1291
Sep 10 2016,11.66,12.22,11.54,12.17,7220300,977515000,11.88,1272
Sep 09 2016,11.41,11.68,11.39,11.65,6109200,956210000,11.54,1882
Sep 08 2016,11.55,11.7,11.25,11.35,11535000,967010000,11.47,1618
Sep 07 2016,11.69,11.73,11.52,11.55,6115050,979087000,11.62,1492
Sep 06 2016,11.73,11.73,11.47,11.69,6346330,981303000,11.6,1645
Sep 05 2016,11.68,11.81,11.59,11.72,5724100,977169000,11.7,1872
Sep 04 2016,11.75,11.79,11.47,11.68,7220550,982952000,11.63,1012
Sep 03 2016,12.11,12.36,11.35,11.76,13358800,1012580000,11.86,884
Sep 02 2016,11.96,12.31,11.88,12.11,9368300,999757000,12.1,943
Sep 01 2016,11.67,12.58,11.65,11.99,24051500,974844000,12.12,1191
Aug 31 2016,11.24,11.68,11.18,11.67,11073700,938406000,11.43,1287
Aug 30 2016,10.99,11.3,10.96,11.23,7221260,917474000,11.13,1228
Aug 29 2016,10.92,11.15,10.79,10.98,8130540,910698000,10.97,1240
Aug 28 2016,11.15,11.15,10.92,10.93,5303040,929690000,11.04,4367
Aug 27 2016,11.29,11.29,11.14,11.15,15108400,941585000,11.21,1288
Aug 26 2016,11.35,11.45,11.21,11.3,5857850,946092000,11.33,1103
Aug 25 2016,11.03,11.39,11.02,11.36,8552380,918977000,11.21,1590
Aug 24 2016,11.02,11.15,11.01,11.04,4423420,918039000,11.08,1485
Aug 23 2016,11.14,11.23,10.9,11.03,6489380,927065000,11.07,1296
Aug 22 2016,11.19,11.34,11.07,11.12,6588920,930708000,11.21,1294
Aug 21 2016,11.25,11.25,10.99,11.18,4355660,936015000,11.12,968
Aug 20 2016,10.75,11.3,10.75,11.25,7443540,893814000,11.03,938
Aug 19 2016,10.75,10.8,10.73,10.75,5390850,893156000,10.77,978
Aug 18 2016,10.75,11.01,10.74,10.76,6935800,892903000,10.88,1246
Aug 17 2016,11.13,11.15,10.75,10.75,8833760,924591000,10.95,1372
Aug 16 2016,11.23,11.24,11,11.14,7051510,932162000,11.12,1285
Aug 15 2016,11.2,11.31,11,11.22,7500840,929558000,11.16,1516
Aug 14 2016,11.58,11.69,11.1,11.19,8680160,960855000,11.39,1396
Aug 13 2016,11.77,11.79,11.51,11.57,7539490,975999000,11.65,1219
Aug 12 2016,11.69,12.04,11.64,11.78,13690100,968865000,11.84,1400
Aug 11 2016,12.14,12.27,11.63,11.69,17505000,1005720000,11.95,1586
Aug 10 2016,12.23,12.46,11.98,12.14,28096300,1012910000,12.22,1467
Aug 09 2016,11.27,12.45,11.2,12.24,36656600,933431000,11.82,1293
Aug 08 2016,10.91,11.33,10.86,11.25,14956700,903184000,11.09,1517
Aug 07 2016,10.86,11.09,10.78,10.91,16551000,898340000,10.93,1441
Aug 06 2016,10.92,10.94,10.29,10.88,16712600,902752000,10.61,970
Aug 05 2016,11.02,11.18,10.76,10.93,15487900,910856000,10.97,1036
Aug 04 2016,10.31,11.29,10.16,11.04,38151400,851992000,10.72,1850
Aug 03 2016,8.88,10.42,8.88,10.29,53979400,733204000,9.65,1466
Aug 02 2016,10.95,11.14,8.2,8.79,88803300,903978000,9.67,1734
Aug 01 2016,11.89,12.01,10.94,10.94,23999500,981735000,11.47,3703
Jul 31 2016,12.44,12.51,11.55,11.88,25441400,1026310000,12.03,1862
Jul 30 2016,12.8,12.8,12.46,12.46,9047810,1055410000,12.63,1574
Jul 29 2016,12.84,12.87,12.55,12.79,14082300,1058220000,12.71,1618
Jul 28 2016,12.98,12.99,12.49,12.84,24603900,1069560000,12.74,2028
Jul 27 2016,12.05,13.31,11.84,12.97,58278800,992645000,12.57,1948
Jul 26 2016,13.82,13.85,11.73,11.99,94428800,1137660000,12.79,2343
Jul 25 2016,12.74,13.86,12.68,13.84,36673800,1048920000,13.27,2943
Jul 24 2016,14.3,14.44,12.32,12.75,77750800,1176250000,13.38,2338
Jul 23 2016,14.67,14.9,14.05,14.3,32489700,1206190000,14.48,2808
Jul 22 2016,12.66,14.81,12.54,14.66,74779500,1040640000,13.68,1362
Jul 21 2016,12.46,12.71,11.99,12.65,24636900,1024000000,12.35,2045
Jul 20 2016,11.59,12.99,11.57,12.45,60226100,952143000,12.28,2207
Jul 19 2016,11.05,12.01,11.01,11.62,21730000,907135000,11.51,3555
Jul 18 2016,11.17,11.61,10.95,11.03,15931900,917151000,11.28,1904
Jul 17 2016,11.62,11.67,11.01,11.16,17921600,953762000,11.34,1377
Jul 16 2016,11.92,11.94,11.59,11.65,10445700,977658000,11.77,1330
Jul 15 2016,11.5,12.43,11.49,11.95,26838900,942817000,11.96,1102
Jul 14 2016,10.6,11.68,10.6,11.51,23621900,868509000,11.14,1280
Jul 13 2016,10.51,10.59,10.4,10.5,6715660,860770000,10.5,1023
Jul 12 2016,10.45,10.76,10.43,10.52,11127700,855555000,10.59,934
Jul 11 2016,10.94,11.01,10.26,10.46,13098000,895670000,10.63,1087
Jul 10 2016,10.96,11.01,10.78,10.95,5479240,896899000,10.89,1236
Jul 09 2016,11.42,11.46,10.73,10.97,17254800,933946000,11.1,961
Jul 08 2016,10.12,11.52,9.96,11.39,20039800,827090000,10.74,817
Jul 07 2016,10.54,10.57,9.8,10.11,15407200,861144000,10.19,1122
Jul 06 2016,10.58,11.11,10.28,10.53,18137300,864063000,10.7,1186
Jul 05 2016,11.46,11.52,9.58,10.61,45526900,935730000,10.55,1020
Jul 04 2016,11.7,11.88,11.39,11.47,12943500,954849000,11.64,1128
Jul 03 2016,12.12,12.15,11.59,11.72,10588700,989132000,11.87,933
Jul 02 2016,12.22,12.22,11.95,12.13,8987070,996510000,12.09,1061
Jul 01 2016,12.44,12.49,11.73,12.2,17236500,1014220000,12.11,1326
Jun 30 2016,12.6,12.74,12.25,12.46,15801300,1027260000,12.5,1241
Jun 29 2016,12.17,13.04,11.69,12.61,26982800,991926000,12.36,1303
Jun 28 2016,13.93,13.98,11.72,12.18,43436600,1134340000,12.85,1945
Jun 27 2016,13.81,14.12,13.75,13.88,10994700,1124170000,13.93,1512
Jun 26 2016,14.26,14.37,13.66,13.85,14747600,1160590000,14.02,1425
Jun 25 2016,14.3,14.58,14.02,14.28,15383100,1163530000,14.3,1175
Jun 24 2016,13.68,14.57,13.22,14.33,33332900,1112590000,13.89,1315
Jun 23 2016,13.22,13.79,12.56,13.68,30806400,1074240000,13.18,1896
Jun 22 2016,13.2,15.79,13.1,13.1,96994100,1072510000,14.45,1877
Jun 21 2016,11.82,13.42,11.29,13.31,69245600,960014000,12.36,2402
Jun 20 2016,12.24,12.45,10.52,11.84,58143600,993503000,11.48,2523
Jun 19 2016,11.17,13.18,10.64,12.23,69783600,906292000,11.91,2649
Jun 18 2016,15.38,15.38,9.96,11.33,133937000,1247530000,12.67,3235
Jun 17 2016,20.65,21.52,13.57,15.38,199408000,1674540000,17.55,4386
Jun 16 2016,18.36,20.83,18.36,20.59,38531000,1488420000,19.59,6219
Jun 15 2016,18.91,18.91,17.71,18.35,19393400,1531790000,18.31,2106
Jun 14 2016,17.61,19.27,17.3,18.89,64412200,1426500000,18.29,1780
Jun 13 2016,15.77,17.64,15.72,17.6,38023400,1276930000,16.68,2136
Jun 12 2016,14.19,15.9,14.19,15.74,38210300,1148070000,15.04,1766
Jun 11 2016,13.91,14.19,13.72,14.19,12176500,1125180000,13.96,1200
Jun 10 2016,14.38,14.43,13.82,13.91,11312900,1162500000,14.12,1086
Jun 09 2016,14.43,14.57,14.34,14.4,8256830,1166450000,14.46,1324
Jun 08 2016,14.51,14.78,14.28,14.42,16941800,1172230000,14.53,1573
Jun 07 2016,13.95,14.51,13.81,14.51,21421600,1126330000,14.16,1673
Jun 06 2016,14,14.06,13.73,13.93,8720400,1130350000,13.89,1500
Jun 05 2016,13.76,14.07,13.57,13.97,11088400,1110690000,13.82,1072
Jun 04 2016,13.86,13.95,13.42,13.74,15792400,1118460000,13.68,1091
Jun 03 2016,13.74,13.87,13.25,13.85,22981500,1108220000,13.56,844
Jun 02 2016,13.99,14.05,13.63,13.74,10477200,1127830000,13.84,1188
Jun 01 2016,14.11,14.32,13.44,14,22471300,1136900000,13.88,1294
May 31 2016,12.74,14.27,12.64,14.08,42433400,1026410000,13.46,2023
May 30 2016,12.33,12.88,12.27,12.73,14733800,992329000,12.57,1465
May 29 2016,12.11,12.69,11.78,12.35,28598400,974784000,12.23,3305
May 28 2016,11.33,12.36,10.37,11.89,47274800,911724000,11.36,1409
May 27 2016,12.39,12.39,10.5,11.3,57496400,996293000,11.45,1714
May 26 2016,12.52,12.99,12.06,12.43,20764000,1006080000,12.53,1171
May 25 2016,12.79,12.9,11.77,12.53,27444700,1027940000,12.34,1380
May 24 2016,13.31,13.77,12.01,12.73,41560600,1068670000,12.89,1470
May 23 2016,14.28,14.49,13.19,13.46,23842800,1146470000,13.84,1407
May 22 2016,14.04,14.35,13.77,14.29,17938900,1126810000,14.06,1236
May 21 2016,13.69,14.05,13.12,14.02,24648400,1098220000,13.59,1162
May 20 2016,14.85,15.05,13.38,13.64,50544100,1191080000,14.21,977
May 19 2016,13.54,14.87,13.34,14.77,53757500,1085570000,14.11,1638
May 18 2016,12.18,14.26,12.18,13.56,65389900,975878000,13.22,1929
May 17 2016,11.19,12.49,11.15,12.2,37198700,896505000,11.82,1636
May 16 2016,9.97,11.44,9.97,11.17,29079900,798116000,10.71,1346
May 15 2016,10.24,10.44,9.93,9.96,9218400,819399000,10.18,1588
May 14 2016,10.51,10.62,9.81,10.24,18808000,840395000,10.21,1009
May 13 2016,10.06,11.05,10.02,10.51,31276900,804647000,10.54,764
May 12 2016,10,10.51,9.86,10.06,24137700,798952000,10.18,946
May 11 2016,9.43,10.01,9.39,10,15267500,753600000,9.7,905
May 10 2016,9.28,9.48,9.26,9.36,9321790,741417000,9.37,1078
May 09 2016,9.49,9.64,9.2,9.3,13085300,758000000,9.42,970
May 08 2016,9.37,9.6,8.93,9.48,15031000,748030000,9.27,1110
May 07 2016,9.32,9.48,9.21,9.37,10806500,743166000,9.35,856
May 06 2016,9.81,9.95,9.04,9.35,21510600,782261000,9.49,703
May 05 2016,9.4,10.05,9.29,9.83,18296200,749038000,9.67,1085
May 04 2016,9.38,10.03,9.27,9.41,17622400,747638000,9.65,1181
May 03 2016,10.17,10.17,9.28,9.31,21463900,809644000,9.72,1261
May 02 2016,8.89,10.32,8.85,10.16,41019200,708137000,9.59,2628
May 01 2016,8.78,9.01,8.43,8.85,16713800,698377000,8.72,1114
Apr 30 2016,7.45,9.37,7.45,8.81,36573300,592992000,8.41,773
Apr 29 2016,7.21,7.73,7.17,7.46,8762080,573124000,7.45,951
Apr 28 2016,7.74,7.91,7.17,7.17,11576000,615316000,7.54,916
Apr 27 2016,7.39,7.97,7.32,7.76,19254500,587076000,7.64,935
Apr 26 2016,7.53,7.55,7.06,7.4,17667300,597819000,7.3,735
Apr 25 2016,8.01,8.09,7.24,7.55,18239900,635784000,7.67,894
Apr 24 2016,8.29,8.47,7.96,8,10786400,658203000,8.21,923
Apr 23 2016,7.79,8.55,7.74,8.29,14565200,618147000,8.14,543
Apr 22 2016,8.15,8.27,7.67,7.82,13309300,646298000,7.97,607
Apr 21 2016,8.45,8.72,7.96,8.1,13355400,670104000,8.34,924
Apr 20 2016,8.69,8.83,8.31,8.47,15634700,688434000,8.57,883
Apr 19 2016,9.08,9.31,8.6,8.71,12899100,718825000,8.96,984
Apr 18 2016,9.33,9.51,8.5,9.04,21084100,738916000,9,962
Apr 17 2016,8.62,9.7,8.56,9.31,24619600,682467000,9.13,1014
Apr 16 2016,8.24,8.65,8.11,8.61,9888460,651554000,8.38,781
Apr 15 2016,8.39,8.62,8.1,8.24,12179000,663169000,8.36,701
Apr 14 2016,8.08,8.76,8.02,8.39,13590700,638330000,8.39,1139
Apr 13 2016,7.44,8.72,7.07,8.04,31403300,587994000,7.9,978
Apr 12 2016,8.64,8.64,7.15,7.44,23190100,682395000,7.9,907
Apr 11 2016,8.94,8.95,8,8.64,15138100,706074000,8.47,1150
Apr 10 2016,9.15,9.22,7.46,8.94,42613400,722133000,8.34,891
Apr 09 2016,9.69,10.09,9.07,9.15,16194800,764797000,9.58,1073
Apr 08 2016,10.08,10.39,9.66,9.72,14660600,794705000,10.03,759
Apr 07 2016,10.7,10.81,9.95,10.07,13464500,843091000,10.38,862
Apr 06 2016,10.45,10.97,10.28,10.69,16997100,823420000,10.62,2284
Apr 05 2016,11.21,11.21,10.13,10.44,20557300,883170000,10.67,967
Apr 04 2016,11.62,11.62,11.02,11.16,9599070,914560000,11.32,1067
Apr 03 2016,11.63,11.71,11.51,11.62,5580550,915175000,11.61,1000
Apr 02 2016,11.63,11.69,11.4,11.6,8682620,914995000,11.54,846
Apr 01 2016,11.4,11.85,11.4,11.66,11373100,896537000,11.62,743
Mar 31 2016,11.92,12.01,11.32,11.4,14966700,936992000,11.66,830
Mar 30 2016,11.61,12.18,11.47,11.95,19351200,911902000,11.82,988
Mar 29 2016,11.75,11.91,11.35,11.66,17684200,923114000,11.63,1745
Mar 28 2016,10.43,11.86,10.41,11.67,23188300,819007000,11.13,1589
Mar 27 2016,10.99,11.05,10.11,10.42,16744800,862211000,10.58,1298
Mar 26 2016,10.77,11.18,10.59,10.97,9425480,844742000,10.88,716
Mar 25 2016,11.26,11.37,10.53,10.74,13782000,883012000,10.95,712
Mar 24 2016,12.44,12.5,10.8,11.23,26081800,975295000,11.65,927
Mar 23 2016,11.33,12.43,11.24,12.42,19353200,887595000,11.84,1982
Mar 22 2016,11.88,12.03,11.18,11.27,19730300,929610000,11.61,944
Mar 21 2016,10.3,12.01,10.16,11.86,28572600,805997000,11.09,859
Mar 20 2016,10.52,10.9,9.57,10.32,17651100,822297000,10.23,2233
Mar 19 2016,11.2,11.2,9.78,10.53,26735700,875689000,10.49,1304
Mar 18 2016,11.11,11.18,8.52,11,53956800,867949000,9.85,943
Mar 17 2016,12.56,12.64,10.44,11.08,41650600,977389000,11.54,1123
Mar 16 2016,13.02,13.73,12.5,12.52,24335500,1013020000,13.12,1211
Mar 15 2016,13,13.2,12.05,13.01,28404500,1011090000,12.62,1185
Mar 14 2016,14.51,15.01,11.58,12.45,58385100,1128180000,13.29,
Mar 13 2016,13.51,15.26,13.47,14.47,43915100,1049930000,14.37,
Mar 12 2016,11.13,13.53,11.09,13.53,48957300,864733000,12.31,
Mar 11 2016,11.22,11.6,10.39,11.08,21002700,871511000,11,
Mar 10 2016,11.88,12.24,10.99,11.3,26851500,922452000,11.62,
Mar 09 2016,9.79,12.05,9.67,11.9,27540500,760017000,10.86,
Mar 08 2016,9.58,10.17,8.82,9.85,25524300,743456000,9.5,
Mar 07 2016,11.43,11.65,9.31,9.55,34085100,886447000,10.48,
Mar 06 2016,11.2,11.84,9.99,11.38,39112000,868736000,10.91,
Mar 05 2016,10.37,12.27,9.97,11,56439600,803827000,11.12,
Mar 04 2016,9.24,10.41,8.48,10.41,35520100,716027000,9.45,
Mar 03 2016,8.44,10.1,8.33,9.29,40314900,653959000,9.21,
Mar 02 2016,7.63,8.75,7.37,8.47,29130200,591078000,8.06,
Mar 01 2016,6.32,7.91,6.31,7.65,23098100,489188000,7.11,
Feb 29 2016,6.46,6.61,6.05,6.34,7648020,499587000,6.33,
Feb 28 2016,6.41,6.62,6.24,6.47,9851660,495545000,6.43,
Feb 27 2016,5.96,6.53,5.92,6.43,8903210,461169000,6.22,
Feb 26 2016,6.04,6.27,5.74,5.92,9526860,466797000,6,
Feb 25 2016,6.19,6.65,5.55,6.1,21471800,478149000,6.1,
Feb 24 2016,5.6,6.24,5.51,6.24,11426500,432977000,5.88,
Feb 23 2016,5.68,5.95,5.39,5.59,13380600,439084000,5.67,
Feb 22 2016,4.66,5.65,4.64,5.62,15056200,360185000,5.14,
Feb 21 2016,4.36,4.71,4.23,4.65,6413550,336572000,4.47,
Feb 20 2016,4.68,4.75,4.13,4.34,8631090,361281000,4.44,
Feb 19 2016,4.38,4.79,4.27,4.74,7666320,338222000,4.53,
Feb 18 2016,3.77,4.77,3.42,4.4,17054000,291068000,4.09,
Feb 17 2016,4.29,4.77,3.5,3.76,15451000,330635000,4.13,
Feb 16 2016,5.33,5.47,4.03,4.32,15889100,410605000,4.75,
Feb 15 2016,5.33,5.89,5.02,5.29,13934200,410643000,5.46,
Feb 14 2016,5.4,5.47,4.45,5.24,11226500,416193000,4.96,
Feb 13 2016,5.69,5.72,4.19,5.39,24218800,437667000,4.96,
Feb 12 2016,5.95,6.58,5.07,5.55,23360800,457618000,5.83,
Feb 11 2016,4.5,6.29,4.34,6.01,26408200,345964000,5.31,
Feb 10 2016,4,4.86,3.78,4.44,28640400,307684000,4.32,
Feb 09 2016,3.17,4.04,3.17,4.04,17954000,244110000,3.6,
Feb 08 2016,2.97,3.27,2.88,3.18,9725690,228504000,3.08,
Feb 07 2016,2.54,3.06,2.54,2.96,7007060,194884000,2.8,
Feb 06 2016,2.53,2.56,2.47,2.53,1921240,194621000,2.52,
Feb 05 2016,2.57,2.61,2.47,2.54,2636700,197363000,2.54,
Feb 04 2016,2.53,2.63,2.44,2.58,3552320,194126000,2.54,
Feb 03 2016,2.43,2.54,2.34,2.53,3987750,186609000,2.44,
Feb 02 2016,2.22,2.45,2.16,2.44,3451270,169923000,2.31,
Feb 01 2016,2.32,2.32,2.12,2.21,3994100,177881000,2.22,
Jan 31 2016,2.44,2.53,2.19,2.31,5847500,187289000,2.36,
Jan 30 2016,2.51,2.61,2.4,2.45,3725080,192176000,2.5,
Jan 29 2016,2.54,2.61,2.3,2.49,6662340,194815000,2.46,
Jan 28 2016,2.41,2.68,2.34,2.53,4903850,184294000,2.51,
Jan 27 2016,2.25,2.59,2.19,2.39,6961080,172061000,2.39,
Jan 26 2016,2.53,2.84,1.99,2.28,13939200,193838000,2.42,
Jan 25 2016,2.15,2.66,2.06,2.5,10739300,164313000,2.36,
Jan 24 2016,1.9,2.3,1.9,2.14,9669770,145358000,2.1,
Jan 23 2016,1.5,2.03,1.5,1.97,7370980,115002000,1.76,
Jan 22 2016,1.55,1.58,1.47,1.5,1567240,118244000,1.52,
Jan 21 2016,1.53,1.59,1.49,1.55,1614960,117111000,1.54,
Jan 20 2016,1.36,1.62,1.35,1.53,2933220,104124000,1.49,
Jan 19 2016,1.42,1.46,1.31,1.37,2446740,108628000,1.39,
Jan 18 2016,1.33,1.54,1.32,1.43,4278930,101699000,1.43,
Jan 17 2016,1.22,1.33,1.21,1.33,1171150,93207300,1.27,
Jan 16 2016,1.22,1.31,1.17,1.22,2462630,93099400,1.24,
Jan 15 2016,1.18,1.32,1.14,1.21,3910550,90321700,1.23,
Jan 14 2016,1.12,1.19,1.1,1.19,751961,85539300,1.15,
Jan 13 2016,1.14,1.15,1.08,1.13,1005910,86530000,1.11,
Jan 12 2016,1.07,1.28,1.05,1.14,2898760,81217300,1.17,
Jan 11 2016,0.999216,1.07,0.999216,1.06,1011920,76096500,1.03,
Jan 10 2016,0.985557,1,0.975099,0.999231,390888,75031200,0.99,
Jan 09 2016,0.985501,0.992345,0.9736,0.986833,226281,75001800,0.98,
Jan 08 2016,0.942752,0.991825,0.939715,0.986789,545600,71724000,0.97,
Jan 07 2016,0.955801,0.974623,0.93583,0.942005,647462,72692900,0.96,
Jan 06 2016,0.950028,0.960659,0.935708,0.95086,308791,72229700,0.95,
Jan 05 2016,0.953147,0.970597,0.946543,0.950176,219833,72442400,0.96,
Jan 04 2016,0.972045,0.976438,0.929835,0.95448,346245,73853900,0.95,
Jan 03 2016,0.93843,0.991362,0.934313,0.971905,407632,71275900,0.96,
Jan 02 2016,0.947401,0.969637,0.93656,0.937124,255504,71933100,0.95,
Jan 01 2016,0.933712,0.954822,0.931442,0.948024,206062,70870900,0.94,
Dec 31 2015,0.912098,0.975414,0.910277,0.933542,663994,69207400,0.94,
Dec 30 2015,0.874258,0.941099,0.866647,0.911958,604078,66314200,0.9,
Dec 29 2015,0.843835,0.873054,0.833232,0.873054,215742,63985600,0.85,
Dec 28 2015,0.856356,0.872394,0.832932,0.845005,235134,64913200,0.85,
Dec 27 2015,0.853166,0.861538,0.841151,0.856365,164565,64650000,0.85,
Dec 26 2015,0.870766,0.897453,0.838314,0.854603,425282,65961900,0.87,
Dec 25 2015,0.861993,0.882556,0.861993,0.870363,187114,65275400,0.87,
Dec 24 2015,0.859433,0.882818,0.8476,0.863262,354646,65060000,0.87,
Dec 23 2015,0.861782,0.88294,0.856065,0.858077,334993,65215800,0.87,
Dec 22 2015,0.894973,0.909526,0.862059,0.864202,454249,67704600,0.89,
Dec 21 2015,0.906065,0.91739,0.891182,0.900771,549113,68521200,0.9,
Dec 20 2015,0.90824,0.943185,0.899441,0.903885,472164,68663100,0.92,
Dec 19 2015,0.921524,0.925874,0.888916,0.908072,343535,69644200,0.91,
Dec 18 2015,0.938327,0.939493,0.908081,0.920127,300787,70890600,0.92,
Dec 17 2015,0.993043,0.997611,0.911807,0.940701,640765,74999300,0.95,
Dec 16 2015,1.02,1.02,0.974927,0.991182,320767,76791600,1,
Dec 15 2015,0.990589,1.03,0.98224,1.01,578618,74764100,1.01,
Dec 14 2015,0.95662,1.01,0.950178,0.993022,563436,72176400,0.98,
Dec 13 2015,0.971538,0.989394,0.937438,0.952884,273614,73276400,0.96,
Dec 12 2015,0.931196,1.05,0.928546,0.976973,1376280,70210000,0.99,
Dec 11 2015,0.839995,0.929762,0.819789,0.929762,801072,63312400,0.87,
Dec 10 2015,0.79559,0.86159,0.787291,0.840396,369589,59945000,0.82,
Dec 09 2015,0.824454,0.824454,0.770488,0.792167,624221,62098400,0.8,
Dec 08 2015,0.806024,0.823645,0.782328,0.822118,445903,60690400,0.8,
Dec 07 2015,0.836322,0.850791,0.78765,0.811264,520409,62950900,0.82,
Dec 06 2015,0.866417,0.882436,0.833115,0.8355,443608,65194900,0.86,
Dec 05 2015,0.841195,0.872821,0.824444,0.862438,232743,63276000,0.85,
Dec 04 2015,0.812082,0.859575,0.802373,0.840041,241278,61065700,0.83,
Dec 03 2015,0.818546,0.837664,0.785086,0.812143,539969,61530500,0.81,
Dec 02 2015,0.873171,0.878017,0.818924,0.82121,506307,65615700,0.85,
Dec 01 2015,0.878316,0.886736,0.853937,0.8748,652857,65980000,0.87,
Nov 30 2015,0.879951,0.895054,0.847696,0.873119,784439,66080400,0.87,
Nov 29 2015,0.914144,0.914153,0.860533,0.878614,448358,68625100,0.89,
Nov 28 2015,0.868102,0.929293,0.862122,0.915703,462464,65147000,0.9,
Nov 27 2015,0.8821,0.900051,0.860695,0.867951,403813,66174600,0.88,
Nov 26 2015,0.863273,0.903643,0.80436,0.884183,947473,64740900,0.85,
Nov 25 2015,0.893827,0.899493,0.851106,0.863537,622991,67010200,0.88,
Nov 24 2015,0.946442,0.948055,0.895931,0.900191,524195,70931100,0.92,
Nov 23 2015,0.967493,0.969057,0.93387,0.946969,441875,72484200,0.95,
Nov 22 2015,0.979765,0.984132,0.958982,0.968018,372173,73378800,0.97,
Nov 21 2015,0.928758,0.978743,0.92094,0.97614,455976,69535300,0.95,
Nov 20 2015,0.955735,0.955735,0.898576,0.92492,614335,71532500,0.93,
Nov 19 2015,0.988713,1.01,0.937498,0.955532,443528,73976100,0.97,
Nov 18 2015,0.993214,1.01,0.940516,0.993319,681104,74287700,0.98,
Nov 17 2015,0.924948,1.03,0.905794,1.01,1145440,69157900,0.97,
Nov 16 2015,0.906166,0.944732,0.891971,0.928962,620945,67730700,0.92,
Nov 15 2015,0.891217,0.921516,0.874957,0.906368,411848,66590200,0.9,
Nov 14 2015,0.905469,0.906113,0.876908,0.888812,372514,67631900,0.89,
Nov 13 2015,0.907722,0.917309,0.846023,0.904096,543671,67777000,0.88,
Nov 12 2015,0.796455,0.913919,0.76351,0.895711,806156,59448700,0.84,
Nov 11 2015,0.941296,0.945278,0.729775,0.791829,1278580,70236200,0.84,
Nov 10 2015,1,1.05,0.920968,0.934348,854581,74685300,0.99,
Nov 09 2015,1.03,1.11,0.945263,0.999278,2045290,76991800,1.03,
Nov 08 2015,0.915661,1.03,0.915661,1.03,1021460,68254300,0.97,
Nov 07 2015,0.923732,0.943787,0.863539,0.927974,890187,68833200,0.9,
Nov 06 2015,0.904772,0.989848,0.852929,0.926032,913666,67397100,0.92,
Nov 05 2015,0.900699,0.991259,0.860382,0.895637,1179840,67070700,0.93,
Nov 04 2015,1.01,1.04,0.725665,0.89905,3060340,75232400,0.88,
Nov 03 2015,0.994568,1.07,0.936615,1.01,1907690,74010000,1,
Nov 02 2015,1.06,1.1,0.953647,0.989789,1145200,78701400,1.03,
Nov 01 2015,0.920847,1.08,0.899082,1.06,588913,68477200,0.99,
Oct 31 2015,1.05,1.06,0.900171,0.916627,673892,77800300,0.98,
Oct 30 2015,1.21,1.35,0.96816,1.04,2429200,89857400,1.16,
Oct 29 2015,1.01,1.21,0.947374,1.21,2279240,74675600,1.08,
Oct 28 2015,0.870938,1.06,0.807857,1,2373050,64676600,0.93,
Oct 27 2015,0.70889,0.898172,0.70889,0.869641,1846370,52624300,0.8,
Oct 26 2015,0.619743,0.757517,0.597098,0.731317,1089120,45991300,0.68,
Oct 25 2015,0.563207,0.688192,0.561383,0.616039,635384,41781300,0.62,
Oct 24 2015,0.539681,0.577396,0.518688,0.56359,258356,40022100,0.55,
Oct 23 2015,0.56637,0.611743,0.504284,0.539657,878822,41986400,0.56,
Oct 22 2015,0.444988,0.619466,0.420991,0.567702,924822,32977300,0.52,
Oct 21 2015,0.431589,0.482988,0.420897,0.447329,609085,31973600,0.45,
Oct 20 2015,0.489629,0.501898,0.431648,0.434829,383921,36261200,0.47,
Oct 19 2015,0.517621,0.521546,0.480994,0.489014,243742,38321300,0.5,
Oct 18 2015,0.547913,0.552234,0.512861,0.517734,133690,40550400,0.53,
Oct 17 2015,0.534117,0.56346,0.526961,0.547178,313860,39515900,0.55,
Oct 16 2015,0.562593,0.568861,0.522533,0.536495,249891,41608900,0.55,
Oct 15 2015,0.523278,0.572714,0.51473,0.561878,371022,38688300,0.54,
Oct 14 2015,0.61224,0.61224,0.483974,0.522968,971664,45250600,0.55,
Oct 13 2015,0.627943,0.63024,0.599214,0.607655,303044,46395200,0.61,
Oct 12 2015,0.634515,0.657789,0.62603,0.62603,109567,46864200,0.64,
Oct 11 2015,0.627461,0.639506,0.618335,0.634963,102128,46327500,0.63,
Oct 10 2015,0.641187,0.649022,0.624374,0.627857,141555,47325200,0.64,
Oct 09 2015,0.655084,0.692296,0.632116,0.650628,386420,48334900,0.66,
Oct 08 2015,0.609501,0.633138,0.591971,0.621716,310266,44955900,0.61,
Oct 07 2015,0.650515,0.656301,0.602423,0.609388,218327,47964700,0.63,
Oct 06 2015,0.622218,0.653944,0.60623,0.650645,262674,45863300,0.63,
Oct 05 2015,0.666784,0.674438,0.62445,0.628643,234263,49131600,0.65,
Oct 04 2015,0.686343,0.693126,0.660716,0.668379,103497,50556000,0.68,
Oct 03 2015,0.678783,0.709204,0.675482,0.687171,163326,49981900,0.69,
Oct 02 2015,0.683732,0.69112,0.654605,0.678574,219318,50328700,0.67,
Oct 01 2015,0.734307,0.734307,0.655906,0.690215,596084,54032300,0.7,
Sep 30 2015,0.661192,0.746722,0.635861,0.738644,619926,48636600,0.69,
Sep 29 2015,0.579414,0.67583,0.558346,0.661146,913992,42607700,0.62,
Sep 28 2015,0.723715,0.725677,0.557062,0.582886,1320890,53201800,0.64,
Sep 27 2015,0.791277,0.791277,0.719169,0.720839,413801,58149600,0.76,
Sep 26 2015,0.73763,0.787544,0.709328,0.785964,369620,54188900,0.75,
Sep 25 2015,0.820031,0.825665,0.712745,0.736223,903457,60221400,0.77,
Sep 24 2015,0.896796,0.908571,0.79346,0.81361,842505,65836400,0.85,
Sep 23 2015,0.90356,0.90891,0.885136,0.893406,200541,66309600,0.9,
Sep 22 2015,0.919337,0.919337,0.865225,0.901796,487914,67444200,0.89,
Sep 21 2015,0.941496,0.957326,0.878301,0.919047,424039,69045900,0.92,
Sep 20 2015,0.881191,0.947741,0.873205,0.938445,508314,64600000,0.91,
Sep 19 2015,0.849603,0.911883,0.833784,0.882391,386988,62262700,0.87,
Sep 18 2015,0.874574,0.888102,0.833908,0.853685,484622,64071300,0.86,
Sep 17 2015,0.906865,0.909204,0.831132,0.874231,897940,66415200,0.87,
Sep 16 2015,0.941977,0.952698,0.901639,0.907175,615593,68963300,0.93,
Sep 15 2015,0.875189,1.05,0.875189,0.94441,703390,64052400,0.96,
Sep 14 2015,0.940566,0.949387,0.87176,0.875622,741085,68814400,0.91,
Sep 13 2015,1.04,1.04,0.902832,0.936003,644138,76193600,0.97,
Sep 12 2015,0.987228,1.11,0.96978,1.04,772430,72179000,1.04,
Sep 11 2015,1.16,1.17,0.940675,0.982978,1942600,85144300,1.06,
Sep 10 2015,1.21,1.22,1.14,1.17,662782,88230500,1.18,
Sep 09 2015,1.24,1.26,1.2,1.21,366748,90518300,1.23,
Sep 08 2015,1.25,1.28,1.23,1.24,427892,91020700,1.25,
Sep 07 2015,1.3,1.31,1.24,1.25,489014,94585300,1.27,
Sep 06 2015,1.34,1.37,1.29,1.3,491968,97625500,1.33,
Sep 05 2015,1.28,1.34,1.27,1.34,448453,93402300,1.31,
Sep 04 2015,1.26,1.3,1.24,1.27,474391,92234100,1.27,
Sep 03 2015,1.3,1.31,1.21,1.26,702991,94418700,1.26,
Sep 02 2015,1.35,1.35,1.26,1.29,883769,98504600,1.31,
Sep 01 2015,1.35,1.39,1.34,1.35,778862,98617200,1.36,
Aug 31 2015,1.32,1.4,1.2,1.36,1447180,96251000,1.3,
Aug 30 2015,1.18,1.37,1.17,1.32,1337650,86145900,1.27,
Aug 29 2015,1.19,1.21,1.15,1.18,375377,86887600,1.18,
Aug 28 2015,1.15,1.21,1.12,1.19,721872,83521700,1.17,
Aug 27 2015,1.17,1.19,1.14,1.15,686662,85106100,1.17,
Aug 26 2015,1.13,1.2,1.06,1.16,1056750,82384400,1.13,
Aug 25 2015,1.23,1.24,1.13,1.14,1307180,89321900,1.19,
Aug 24 2015,1.35,1.36,1.23,1.23,924920,97791600,1.29,
Aug 23 2015,1.38,1.41,1.3,1.35,1589300,99894500,1.35,
Aug 22 2015,1.4,1.48,1.35,1.38,948310,101404000,1.42,
Aug 21 2015,1.48,1.56,1.35,1.4,2020970,107266000,1.46,
Aug 20 2015,1.25,1.53,1.25,1.46,2843760,90809000,1.39,
Aug 19 2015,1.17,1.32,1.17,1.26,1486240,84663900,1.25,
Aug 18 2015,1.22,1.33,1.09,1.09,1485680,88143200,1.21,
Aug 17 2015,1.58,1.58,1.19,1.2,1942830,95819700,1.39,
Aug 16 2015,1.68,1.7,1.09,1.57,3550790,102028000,1.4,
Aug 15 2015,1.8,1.88,1.57,1.69,2554360,109160000,1.73,
Aug 14 2015,1.81,2.26,1.75,1.83,4637030,109594000,2,
Aug 13 2015,1.22,1.97,1.17,1.83,4068680,73935400,1.57,
Aug 12 2015,1.06,1.29,0.883608,1.22,2150620,64018400,1.09,
Aug 11 2015,0.708087,1.13,0.663235,1.07,1463100,42796500,0.9,
Aug 10 2015,0.713989,0.729854,0.636546,0.708448,405283,43130000,0.68,
Aug 09 2015,0.706136,0.87981,0.629191,0.701897,532170,42637600,0.75,
Aug 08 2015,2.79,2.8,0.714725,0.753325,674188,167911000,1.76,
Aug 07 2015,2.83,3.54,2.52,2.77,164329,-,3.03,
